customer_id,name,email,country,created_at
1,Heather Phillips,priscillaklein@example.com,Chad,2025-01-08 07:19:02
2,Rebecca Middleton DDS,timothy02@example.org,Chile,2025-07-05 21:56:44
3,Jared Foster,qburns@example.net,Kiribati,2024-03-25 18:33:06
4,Christopher Webb,kurt07@example.org,Austria,2025-02-27 12:07:01
5,Gabriela Ritter,tinabeck@example.com,Niue,2025-02-06 08:29:31
6,Kenneth Compton,juanboyer@example.org,Mexico,2025-09-16 00:11:00
7,Vanessa Herman,cwillis@example.com,French Polynesia,2025-05-05 03:10:50
8,Jason Marshall,chrismay@example.org,Cayman Islands,2024-09-21 21:03:07
9,Heather Vargas,scottlewis@example.org,Norfolk Island,2024-01-18 08:09:21
10,Jennifer Smith,hannahcarroll@example.com,Burundi,2024-10-28 22:02:54
11,Christina Hudson,kristopher72@example.net,Vanuatu,2025-05-16 07:05:19
12,Paul Fernandez,marshalljustin@example.com,Fiji,2024-11-27 04:43:33
13,Daniel Moses,wilsontyler@example.com,Puerto Rico,2025-08-31 03:58:35
14,Matthew Harrison,kevinwyatt@example.org,South Africa,2024-12-12 15:22:08
15,Corey Huerta,jessica01@example.net,Svalbard & Jan Mayen Islands,2024-01-05 13:30:44
16,Danielle Young,qgreer@example.com,Thailand,2023-12-20 11:19:37
17,Marcus Hunter,sgonzalez@example.org,Togo,2024-10-01 12:11:52
18,Heather Johnson,tylershaw@example.org,Honduras,2024-12-18 00:38:49
19,Joel Rios,kathryn20@example.com,Cyprus,2025-03-03 02:12:45
20,Mrs. Melissa Garcia DVM,katherinetodd@example.net,Bouvet Island (Bouvetoya),2025-05-31 23:20:08
21,Kevin Butler,brownmatthew@example.com,United States Minor Outlying Islands,2025-08-19 20:44:30
22,Kristine Pierce,stephanie45@example.org,Bulgaria,2025-05-08 04:39:43
23,Jordan Fowler,johnnyrodriguez@example.net,Sudan,2024-01-07 04:01:16
24,Andrew Rodriguez,jhuffman@example.org,French Polynesia,2024-12-02 23:15:37
25,Crystal Vargas,lmeyer@example.com,Guadeloupe,2025-05-21 06:34:48
26,Victoria Avila,lewissusan@example.net,Nicaragua,2025-09-19 04:22:29
27,David Garcia,donna15@example.net,Puerto Rico,2025-06-25 06:35:33
28,William Jones,anthony87@example.org,Burkina Faso,2024-11-11 15:42:41
29,Stanley Chapman,hburton@example.org,Cuba,2024-01-23 08:10:20
30,Robert Martin,simsjoshua@example.com,Kenya,2025-02-13 12:02:03
31,Lisa Nelson,johnpalmer@example.net,China,2025-08-01 13:01:05
32,Wendy Howard,smitheric@example.net,Guatemala,2025-06-13 05:00:52
33,Natasha Fischer,carlos84@example.org,Ukraine,2024-04-03 09:10:17
34,Laura Ward,brandy10@example.net,British Virgin Islands,2025-01-21 10:14:21
35,Brandi Reyes,danielle41@example.com,Paraguay,2024-04-09 02:21:55
36,Tara Mosley,david64@example.com,Austria,2025-09-28 21:52:39
37,Sierra Rivera,tpierce@example.org,United Arab Emirates,2024-09-02 23:18:33
38,Ricardo Cunningham,ithomas@example.com,Trinidad and Tobago,2024-09-15 07:51:53
39,Timothy Murphy,briggskevin@example.com,Saudi Arabia,2024-01-05 14:52:21
40,Sean Richards,tracicarroll@example.com,Timor-Leste,2024-01-05 16:39:50
41,Derek Perry,kimberly06@example.net,Indonesia,2024-02-16 15:41:47
42,Amy Ortiz,barbarashaw@example.net,Cape Verde,2025-10-09 21:13:58
43,Richard Whitaker,mcortez@example.com,Cameroon,2024-01-04 02:21:57
44,Amanda Stewart,harpersteven@example.net,Brazil,2024-01-22 07:12:08
45,Anthony Hughes,jacksonlisa@example.net,Somalia,2025-08-18 19:47:25
46,Mrs. Angela Freeman,timothy89@example.org,Equatorial Guinea,2024-01-21 17:46:22
47,Daniel Parks,marissa12@example.net,Bulgaria,2025-12-10 07:57:26
48,Don Hunter,christophersmith@example.com,Maldives,2024-10-20 06:38:12
49,Miss Kimberly Smith,melissavalencia@example.org,Marshall Islands,2025-10-21 03:22:55
50,Martin Davis,dwright@example.net,Gabon,2025-01-30 02:08:54
51,Amanda Miller,nthomas@example.org,Japan,2024-08-22 22:53:44
52,Michael Carrillo,taylordavid@example.org,Central African Republic,2025-06-17 08:54:55
53,Michael Swanson,terrile@example.com,Jersey,2024-08-06 05:52:11
54,Christina Davis,franksarah@example.org,Norfolk Island,2025-11-10 21:31:12
55,Courtney Neal,davenportmelanie@example.net,Togo,2025-01-22 00:08:46
56,Chelsea Ramirez,zbarnett@example.org,Marshall Islands,2024-09-25 02:35:32
57,Melanie Ruiz,hjacobs@example.com,Iceland,2025-04-09 16:21:24
58,Scott Wilson,knightmartin@example.org,Syrian Arab Republic,2024-12-20 21:01:40
59,Richard Davis,robinsonmary@example.com,San Marino,2025-05-28 16:58:17
60,Christopher Paul,vwilliams@example.org,Christmas Island,2025-02-11 09:15:15
61,Jason Harrington,katie94@example.com,Nicaragua,2024-12-18 11:00:02
62,Brandon Richardson,opope@example.com,Gambia,2025-06-02 00:53:37
63,Karen Griffin,deanchristensen@example.org,Benin,2025-08-13 06:06:33
64,Brandon Ware,wheelerfrederick@example.net,Japan,2024-05-02 00:30:07
65,William Morgan,lowelauren@example.net,New Caledonia,2024-12-13 10:38:05
66,Alan Kelly,jharrison@example.net,American Samoa,2025-10-04 00:58:00
67,Arthur Webb,christinamartin@example.org,Faroe Islands,2024-12-08 14:11:20
68,Claire Villegas,seanbradford@example.net,Cote d'Ivoire,2025-02-23 12:35:45
69,Raymond Pugh,michaelwalters@example.com,Grenada,2024-03-06 23:52:54
70,Logan King,carlajones@example.net,Eritrea,2025-02-17 04:37:46
71,Julie Coleman,jordanperez@example.net,Mayotte,2025-02-02 17:51:20
72,Jennifer Martin,ojohns@example.com,Slovakia (Slovak Republic),2024-02-26 05:15:11
73,Gloria Smith,scott75@example.net,Nicaragua,2025-01-23 04:47:11
74,Anita Andrews,spark@example.com,Liberia,2025-09-01 02:10:58
75,Christine Ross,gomezdwayne@example.com,Wallis and Futuna,2024-04-07 05:45:32
76,Sharon Parks,booneangela@example.com,Namibia,2025-11-21 05:01:51
77,Sarah Mcdonald,gilbertdaniel@example.org,El Salvador,2025-02-09 21:01:59
78,Thomas Swanson,ecohen@example.net,Iraq,2024-01-15 02:34:27
79,Taylor Hamilton,piercecory@example.org,Portugal,2024-09-16 13:37:50
80,Ronald Hodge,amanda67@example.com,Slovenia,2024-02-23 08:02:29
81,Kenneth Woodard,pjohnson@example.net,Somalia,2025-04-01 02:47:12
82,Kari Harvey,brianmcfarland@example.org,Cuba,2025-06-23 20:09:35
83,Tracie Yang,meltonevan@example.com,Luxembourg,2025-03-04 10:06:59
84,Jessica Butler,samanthacline@example.com,Ghana,2025-12-01 05:37:23
85,Mark Summers,amandaleonard@example.com,Gibraltar,2024-03-18 18:06:55
86,Jonathan Morton,nicholsbilly@example.org,Netherlands Antilles,2024-03-23 16:23:13
87,Christopher Rivera,emilykrueger@example.org,Chad,2025-01-18 23:20:26
88,Daniel Sampson,david35@example.org,Estonia,2024-10-10 14:27:58
89,Lauren Mccarthy,bentleytraci@example.net,Pakistan,2024-05-03 00:07:26
90,Nicholas Summers,amy90@example.net,Israel,2024-08-12 03:49:18
91,James Reese,wilsonmichael@example.net,Moldova,2024-10-21 18:37:27
92,Teresa Lawson,charles06@example.net,Barbados,2024-07-30 03:25:23
93,Rachel Graham,smithnicole@example.org,Pakistan,2024-06-17 21:40:30
94,Laura Molina,stacy85@example.com,Tunisia,2025-07-27 11:56:01
95,Dennis Medina,morganhartman@example.org,Kiribati,2024-05-02 19:07:51
96,Jonathan Li,aprilsmith@example.org,China,2024-08-18 17:33:58
97,Kathy Taylor,morgantran@example.org,Sweden,2024-11-04 04:17:38
98,Sarah Shields,davisderek@example.com,Monaco,2024-01-12 23:12:31
99,James Lucas,carpentergary@example.net,Falkland Islands (Malvinas),2024-08-20 16:12:49
100,Tamara Lewis,steven59@example.com,Gambia,2024-04-25 18:38:27
